{"options":{"check_for_updates":true,"user_modified":null,"comment":null,"compatopts_for_requires":true,"compat_wrappedjsobject":false,"compat_metadata":false,"compat_foreach":false,"compat_powerful_this":null,"sandbox":null,"noframes":null,"unwrap":null,"run_at":null,"tab_types":null,"override":{"use_includes":[],"orig_includes":["*youtube.com/*","*google.com/*","*google.*","*yahoo.com/*","*bing.com/*","*reddit.com/*","*twitter.com/*","*instagram.com/*","*wikipedia.org/*","*medium.com/*","*towardsdatascience.com/*","*i.imgur.com/*","*i.stack.imgur.com/*","*odysee.com/*","*tiktok.com/*","*quora.com/*"],"merge_includes":true,"use_matches":[],"orig_matches":[],"merge_matches":true,"use_excludes":[],"orig_excludes":[],"merge_excludes":true,"use_connects":[],"orig_connects":[],"merge_connects":true,"use_blockers":[],"orig_run_at":"document-start","orig_noframes":null}},"settings":{"enabled":false,"position":6},"meta":{"name":"Open-Source Alternative Redirector","uuid":"14ff5ee0-2d93-4a53-9bff-f8a47332cc93","modified":1704625567384,"file_url":"https://update.greasyfork.org/scripts/437291/Open-Source%20Alternative%20Redirector.user.js"}}