{"options":{"check_for_updates":true,"user_modified":null,"comment":null,"compatopts_for_requires":true,"compat_wrappedjsobject":false,"compat_metadata":false,"compat_foreach":false,"compat_powerful_this":null,"sandbox":null,"noframes":null,"unwrap":null,"run_at":null,"tab_types":null,"override":{"use_includes":[],"orig_includes":[],"merge_includes":true,"use_matches":[],"orig_matches":["*://*/*"],"merge_matches":true,"use_excludes":[],"orig_excludes":[],"merge_excludes":true,"use_connects":[],"orig_connects":["wedata.net","githubusercontent.com","ghproxy.com","hoothin.github.io","*"],"merge_connects":true,"use_blockers":[],"orig_run_at":"document-idle","orig_noframes":null}},"settings":{"enabled":true,"position":7},"meta":{"name":"Pagetual","uuid":"c6d336e4-930a-45d7-9f10-5d8a7aed0f30","modified":1704626007446,"file_url":"https://update.greasyfork.org/scripts/438684/Pagetual.user.js"}}