{"ts":1704769433426,"data":{"clickunder":"s{\"w\":{\"sites\":[],\"clickunder\":null,\"sample\":47,\"config\":{\"sites\":[],\"clickunder\":\"https://ak.hetadinh.com/4/4969795\",\"sample\":0},\"configExpireAt\":1769583275}}","country":"s{\"w\":\"hk\"}","countryExpiresAt":"s{\"w\":1704874689}","dblTrack":"s{\"w\":{\"uuid\":\"525fe123-8a0c-40b9-9690-41f05b051f3a\",\"time\":1704762441057}}","experiments.config":"s{\"w\":{\"payload\":{\"320-4375.aliwiz.topbar\":{\"enabled\":true,\"percent\":100,\"countries\":[\"all\"],\"languages\":[\"all\"],\"browsers\":[\"Userjs\",\"Firefox\",\"Chrome\"],\"tasks\":[\"320-4375\"],\"name\":\"320-4375.aliwiz.topbar\"},\"03.2020.tracking.visits.store\":{\"enabled\":false,\"percent\":50,\"countries\":[\"all\"],\"languages\":[\"all\"],\"browsers\":[\"Userjs\"],\"tasks\":[\"320-4293\"],\"name\":\"03.2020.tracking.visits.store\"},\"ummy.replace.televzr\":{\"enabled\":true,\"percent\":100,\"languages\":[\"all\"],\"browsers\":[\"Chrome\",\"Opera\",\"UserJs\",\"Firefox\"],\"platforms\":[\"Windows\",\"Mac OS\",\"iOS\",\"Android\",\"Linux\"],\"tasks\":[\"320-4174\"],\"name\":\"ummy.replace.televzr\"},\"example.all\":{\"enabled\":false,\"percent\":100,\"countries\":[\"ru\"],\"languages\":[\"en\",\"ru\"],\"browsers\":[\"Chrome\",\"Opera\",\"UserJs\",\"Firefox\"],\"platforms\":[\"Windows\",\"Mac OS\",\"iOS\",\"Android\",\"Linux\"],\"tasks\":[\"tasks-number\"],\"name\":\"example.all\"}},\"lastUpdated\":1704762239127}}","experiments.main":"s{\"w\":{\"320-4375.aliwiz.topbar\":{\"name\":\"320-4375.aliwiz.topbar\",\"config\":{\"enabled\":true,\"percent\":100,\"countries\":[\"all\"],\"languages\":[\"all\"],\"browsers\":[\"Userjs\",\"Firefox\",\"Chrome\"],\"tasks\":[\"320-4375\"],\"name\":\"320-4375.aliwiz.topbar\"},\"allowed\":true},\"03.2020.tracking.visits.store\":{\"name\":\"03.2020.tracking.visits.store\",\"config\":{\"enabled\":false,\"percent\":50,\"countries\":[\"all\"],\"languages\":[\"all\"],\"browsers\":[\"Userjs\"],\"tasks\":[\"320-4293\"],\"name\":\"03.2020.tracking.visits.store\"},\"allowed\":false},\"ummy.replace.televzr\":{\"name\":\"ummy.replace.televzr\",\"config\":{\"enabled\":true,\"percent\":100,\"languages\":[\"all\"],\"browsers\":[\"Chrome\",\"Opera\",\"UserJs\",\"Firefox\"],\"platforms\":[\"Windows\",\"Mac OS\",\"iOS\",\"Android\",\"Linux\"],\"tasks\":[\"320-4174\"],\"name\":\"ummy.replace.televzr\"},\"allowed\":true},\"example.all\":{\"name\":\"example.all\",\"config\":{\"enabled\":false,\"percent\":100,\"countries\":[\"ru\"],\"languages\":[\"en\",\"ru\"],\"browsers\":[\"Chrome\",\"Opera\",\"UserJs\",\"Firefox\"],\"platforms\":[\"Windows\",\"Mac OS\",\"iOS\",\"Android\",\"Linux\"],\"tasks\":[\"tasks-number\"],\"name\":\"example.all\"},\"allowed\":false}}}","lc":"s{\"w\":false}","liteStorage":"s{\"w\":{\"lastVersion\":\"10.6.2\",\"lastVersionExpire\":1704959843,\"fromIdTimeout\":1683204876,\"trackTimeout\":1704805587,\"fromId\":-1,\"sendInGaTimeout\":1704773033}}","onceShowYtTooltip":"s{\"w\":0}","onceShowYtTutorial":"s{\"w\":1}","promoBarConfigSample":"s{\"w\":25}","promoBarDomains":"s{\"w\":[-1600670154,-1591416945,-1426889037,-1367836411,-854228020,-641835221,-537961526,20887904,51546699,336830060,376068304,424595334,499817022,1150615167,1480477021,1674749392,1739868559,2121668100,2144514088]}","promoBarExpiresAt":"s{\"w\":1704783840}","promoBarSampleSize":"s{\"w\":93}","showUmmyLanding":"s{\"w\":1}","travelBarConfig":"s{\"w\":\"{\\\"firefoxSample\\\":25,\\\"userJsSample\\\":25,\\\"operaSample\\\":25,\\\"edgeSample\\\":25,\\\"exp\\\":1683183277937}\"}","ummyDetected":"s{\"w\":0}","uuid":"s{\"w\":\"f85e95d6-9663-4037-81f7-0e97fb1932ca\"}","version":"s{\"w\":\"9.92.2\"}","ytLastITag":"s{\"w\":\"muxer\"}"}}