{"ts":1704355011538,"data":{"rwl_userData":"o{\"status\": 1,\"version\": 0.1,\"message\": \"啦啦啦,啦啦啦,我是卖报的小行家\",\"positionTop\": 1,\"positionLeft\": 0,\"positionRight\": \"auto\",\"addBtn\": true,\"connectToTheServer\": false,\"waitUpload\": [\"www.google.com\",\"www.google.com\",\"www.elecfans.com\",\"wenku.baidu.com\",\"www.360doc.com\",\"github.com\",\"www.google.com\",\"github.com\",\"github.com\",\"blog.csdn.net\",\"github.com\"],\"currentURL\": \"https://github.com/neovim/nvim-lspconfig/blob/master/doc/lspconfig.txt\",\"shortcut\": 2,\"rules\": {\"rule_def\": {\"name\": \"default\",\"hook_eventNames\": \"contextmenu|select|selectstart|copy|cut|dragstart|mousemove|beforeunload\",\"unhook_eventNames\": \"mousedown|mouseup|keydown|keyup\",\"dom0\": true,\"hook_addEventListener\": true,\"hook_preventDefault\": true,\"hook_set_returnValue\": true,\"add_css\": true},\"rule_plus\": {\"name\": \"default\",\"hook_eventNames\": \"contextmenu|select|selectstart|copy|cut|dragstart|mousedown|mouseup|mousemove|beforeunload\",\"unhook_eventNames\": \"keydown|keyup\",\"dom0\": true,\"hook_addEventListener\": true,\"hook_preventDefault\": true,\"hook_set_returnValue\": true,\"add_css\": true},\"rule_zhihu\": {\"name\": \"default\",\"hook_eventNames\": \"contextmenu|select|selectstart|copy|cut|dragstart|mousemove\",\"unhook_eventNames\": \"keydown|keyup\",\"dom0\": true,\"hook_addEventListener\": true,\"hook_preventDefault\": true,\"hook_set_returnValue\": true,\"add_css\": true}},\"data\": [\"3g.163.com\",\"b.faloo.com\",\"bbs.coocaa.com\",\"blog.csdn.net\",\"boke112.com\",\"book.hjsm.tom.com\",\"book.zhulang.com\",\"book.zongheng.com\",\"chokstick.com\",\"chuangshi.qq.com\",\"chuangshi.qq.com\",\"city.udn.com\",\"cutelisa55.pixnet.net\",\"doc.guandang.net\",\"huayu.baidu.com\",\"imac.hk\",\"leetcode.cn\",\"life.tw\",\"luxmuscles.com\",\"m.haodf.com\",\"movie.douban.com\",\"news.missevan.com\",\"origenapellido.com\",\"read.qidian.com\",\"vipreader.qidian.com\",\"votetw.com\",\"www.15yan.com\",\"www.17k.com\",\"www.18183.com\",\"www.360doc.com\",\"www.51dongshi.com\",\"www.alphapolis.co.jp\",\"www.bimiacg.net\",\"www.coco01.net\",\"www.daodoc.com\",\"www.dianyuan.com\",\"www.elecfans.com\",\"www.eyu.com\",\"www.hongshu.com\",\"www.hongxiu.com\",\"www.imooc.com\",\"www.jianbiaoku.com\",\"www.jjwxc.net\",\"www.longmabookcn.com\",\"www.lu-xu.com\",\"www.myhtebooks.com\",\"www.myhtlmebook.com\",\"www.pigai.org\",\"www.ppkao.com\",\"www.readnovel.com\",\"www.ruiwen.com\",\"www.sdifen.com\",\"www.shangc.net\",\"www.soyoung.com\",\"www.szxx.com.cn\",\"www.tadu.com\",\"www.uta-net.com\",\"www.wcqjyw.com\",\"www.xiegw.cn\",\"www.xxsy.net\",\"www.yuque.com\",\"www.z3z4.com\",\"www.zhihu.com\",\"yuedu.163.com\"]}"}}